{"Adagrad": {"precision": 0.0, "recall": 0.0, "f1": 0.0, "auprc": 0.0026538998212129504, "convergence_speed": 1.0, "train_loss": [0.033817985269706696, 0.017572799474190996, 0.017513019728892465, 0.017677646240799174, 0.017460019984615167, 0.01741191183753806, 0.017449697214701423, 0.01744661564054918, 0.017192638423341344, 0.01726071185156779], "grad_variance": [2.156228112522392e-06, 8.898740896990965e-08, 8.521947746115711e-08, 8.727142382907942e-08, 8.34887532894694e-08, 7.959568648630011e-08, 8.038917299635803e-08, 7.841639416717347e-08, 7.739351662940069e-08, 7.698526647009876e-08], "grad_norm": [0.08200175776051319, 0.03162830232699611, 0.03084966275194774, 0.031052423089894712, 0.030379506341200704, 0.02975937528345658, 0.029930637854778647, 0.029393036868803357, 0.029422328645857622, 0.02938897147470591]}, "RMSprop": {"precision": 0.0, "recall": 0.0, "f1": 0.0, "auprc": 0.0024525127476587557, "convergence_speed": 3.0, "train_loss": [0.5365589846457753, 0.22977150281016923, 0.07042788410065126, 0.023091634756847456, 0.018095108366818453, 0.017745908002882282, 0.017900685229747346, 0.017807591082860848, 0.01792377176010335, 0.01776376399045278], "grad_variance": [6.279368979597408e-05, 4.252915852369054e-05, 9.691107428997551e-06, 5.57025147748632e-07, 1.0333171352585873e-07, 1.0426944473373548e-07, 1.1080929915138137e-07, 1.0383623602673331e-07, 1.0612686752980426e-07, 1.1077203270748233e-07], "grad_norm": [0.873197112764631, 0.7133548883151035, 0.3248388494307898, 0.0739616032271665, 0.03383743002706645, 0.03375122609681317, 0.034476656932383776, 0.03405561587032007, 0.03423536804561712, 0.03453880628304822]}, "VarianceRMSProp": {"precision": 0.0, "recall": 0.0, "f1": 0.0, "auprc": 0.002612326105916839, "convergence_speed": 3.0, "train_loss": [0.380132828439985, 0.11429217936737197, 0.031122903365698854, 0.01827564955408666, 0.017870212168603832, 0.017973147679538448, 0.01781118311800481, 0.017749645620137835, 0.017732771741920055, 0.017832498302521677], "grad_variance": [5.158529846975936e-05, 1.5199262102957005e-05, 1.3063253039654089e-06, 1.2416670605076358e-07, 1.293921278512378e-07, 1.3094384830858e-07, 1.2892284602242175e-07, 1.2790162790101745e-07, 1.314270082514735e-07, 1.3202600070801578e-07], "grad_norm": [0.7865612154104271, 0.4142707637986358, 0.1140851264401358, 0.037888959800938565, 0.037380794357812525, 0.03755841729212172, 0.03770811538383061, 0.03762160128514681, 0.03796450157972927, 0.038172700841511996]}}